rank,candidate_id
1,CH-GL8L0I
2,CH-M3UKC1
3,CH-EQU8US
4,CH-2JJ9Q8
5,CH-9AOTOU
6,CH-G7CLOL
7,CH-6EYP2T
8,CH-DW5KV8
9,CH-1GUV4Z
10,CH-SOB5S3
11,CH-Z1S8ON
12,CH-7C6MBN
13,CH-4ZGV8O
14,CH-FFRR0Q
15,CH-MPI5T7
16,CH-BLMZLZ
17,CH-ALDR01
18,CH-TOTSMX
19,CH-0QTDRE
20,CH-1ZVOWQ
21,CH-QWQ7HI
22,CH-PTPWKJ
23,CH-KHX4FF
24,CH-3UPMW9
25,CH-TGZIDK
26,CH-4CC9HS
27,CH-5SN240
28,CH-5F340C
29,CH-W40G26
30,CH-0W3ZRJ
31,CH-TDESBE
32,CH-FQOJOB
33,CH-QSIAH2
34,CH-ACRFXE
35,CH-K3HV6O
36,CH-7BPP3I
37,CH-WGRDYN
38,CH-H0R9QO
39,CH-XVEWTM
40,CH-1T0WU5
41,CH-3T06X9
42,CH-N84T3M
43,CH-ZFB0BO
44,CH-QAYHZV
45,CH-I6F1SI
46,CH-VPO7SN
47,CH-VGAU08
48,CH-0PPHW1
49,CH-RJV6PR
50,CH-51OVXE
51,CH-2W4599
52,CH-8HGFIB
53,CH-92LAYY
54,CH-BWT7LH
55,CH-PIQWDL
56,CH-86B4JV
57,CH-H0G5Q1
58,CH-42NLS7
59,CH-RTECVY
60,CH-BNBBW0
61,CH-U73R8O
62,CH-M2JT9I
63,CH-MJLRQ9
64,CH-FVY1UO
65,CH-Y0QZDG
66,CH-JLFHN2
67,CH-NOMW3M
68,CH-O8AJER
69,CH-FXJYMV
70,CH-A6HJWF
71,CH-CAHVXS
72,CH-62N5UM
73,CH-2PWT88
74,CH-8X6FOY
75,CH-YJI1E0
76,CH-LVJYZC
77,CH-GFIQ2C
78,CH-ALZASI
79,CH-9FTBE3
80,CH-4CDO3H
81,CH-ZHDFRW
82,CH-ZVQMC4
83,CH-SWTX72
84,CH-A32V5N
85,CH-20SG1N
86,CH-9L0P8Q
87,CH-I7DIH1
88,CH-YGJQAA
89,CH-LH3I14
90,CH-ZAA38A
91,CH-RHFV2Z
92,CH-OEHSR7
93,CH-K0NCAF
94,CH-20BYU9
95,CH-8LJVXM
96,CH-IDBT28
97,CH-4J4J1H
98,CH-E5RPRH
99,CH-XP4PM7
100,CH-2P86G7
101,CH-L34TP5
102,CH-KT06SN
103,CH-Z32AU5
104,CH-0WQ2KK
105,CH-7Z3EEK
106,CH-PEH5UJ
107,CH-DFJB7Z
108,CH-N1T2UJ
109,CH-QPIYUA
110,CH-OY5QBH
111,CH-OIHLML
112,CH-LZ1CJL
113,CH-RXVJSE
114,CH-2ZTXVN
115,CH-KY74EN
116,CH-KB0CZU
117,CH-SE37XM
118,CH-DMGT0P
119,CH-JE4G04
120,CH-NISAIM
121,CH-OY9QWV
122,CH-7HTSIL
123,CH-DLSUFO
124,CH-BER0JY
125,CH-O4SS19
126,CH-BXPRCP
127,CH-DIHQCB
128,CH-EM6AJM
129,CH-IOYBV8
130,CH-JLGWVF
131,CH-EA96NR
132,CH-SUACYH
133,CH-HW3OG4
134,CH-MK94LD
135,CH-RTUW6H
136,CH-DWNIHP
137,CH-N78HC4
138,CH-DE2WHO
139,CH-YXVRO0
140,CH-9Y2FZN
141,CH-58907A
142,CH-IFVM1N
143,CH-4HLG29
144,CH-U9Y0PU
145,CH-0MVO7L
146,CH-745SSD
147,CH-M1KH7B
148,CH-U14FCL
149,CH-W5WZ2P
150,CH-AV0EVH
151,CH-VSOZZT
152,CH-7I5B6Q
153,CH-3NO57O
154,CH-7L9BBG
155,CH-T9VE72
156,CH-JQ44IR
157,CH-FMV2D5
158,CH-DN53A6
159,CH-YVSSH9
160,CH-H4DLOV
161,CH-VZTFLC
162,CH-43Z295
163,CH-Y9LLEY
164,CH-1ERNG7
165,CH-NRDNPN
166,CH-65C8G1
167,CH-RW0P29
168,CH-10VOBI
169,CH-SH696T
170,CH-7XY69B
171,CH-V6EOG6
172,CH-MB8GJ6
173,CH-D5QEZ1
174,CH-K75L7E
175,CH-9NVS95
176,CH-E3CXEK
177,CH-54PD24
178,CH-X9HGUI
179,CH-MO53JB
180,CH-YEQLBC
181,CH-SLTPSD
182,CH-C2X2HB
183,CH-O5QNFY
184,CH-VR40EH
185,CH-FFAIB8
186,CH-02SZIJ
187,CH-DFV7RM
188,CH-CIKPWY
189,CH-9XL8RL
190,CH-CWJ24W
191,CH-V9LAA6
192,CH-J6D1NE
193,CH-J9ZOYV
194,CH-HXFDR6
195,CH-F4BS8Z
196,CH-57OTR2
197,CH-52H7I2
198,CH-XM5JRZ
199,CH-NVQM5L
200,CH-ZLFUPR
201,CH-MR0GGJ
202,CH-7NZKEX
203,CH-URKNJK
204,CH-MGAEZW
205,CH-K2AAOZ
206,CH-4P2DXU
207,CH-PYHQB8
208,CH-F9YDMQ
209,CH-QTJXQV
210,CH-TPIDJ5
211,CH-TZUG59
212,CH-OZATC4
213,CH-1IGPJ8
214,CH-U5J53B
215,CH-DNVAZ6
216,CH-B5K9SD
217,CH-8C65S4
218,CH-77IBVR
219,CH-WTB454
220,CH-C8OF5S
221,CH-HY3LNV
222,CH-FG70QP
223,CH-QKADEK
224,CH-P9PEQ3
225,CH-QOCBQP
226,CH-LN2MCR
227,CH-GQ8DSF
228,CH-0W1USG
229,CH-1CUD4H
230,CH-PN38OI
231,CH-S29BXR
232,CH-G2TW1T
233,CH-94V4Z5
234,CH-FPNNFB
235,CH-MO9NR2
236,CH-NAYFGU
237,CH-91B17I
238,CH-4I71DB
239,CH-43282G
240,CH-01ZJQ6
241,CH-OHR4WG
242,CH-J7I0L5
243,CH-UZUDUP
244,CH-O2ML7S
245,CH-CWDRXV
246,CH-GAELOQ
247,CH-QNQAR0
248,CH-DMK5DV
249,CH-OFRLTH
250,CH-QA8F1K
251,CH-MP01OM
252,CH-UZC4SW
253,CH-GEKXOS
254,CH-GEGIZJ
255,CH-UF75LS
256,CH-IJ7PP2
257,CH-JU3WCI
258,CH-SYA2Z7
259,CH-7AZ55M
260,CH-VO1325
261,CH-IU9TLO
262,CH-LATPSA
263,CH-MSJ36K
264,CH-RF6M9H
265,CH-3LAXA6
266,CH-8PI1QV
267,CH-CBEPPQ
268,CH-M3GVM0
269,CH-IZZUBN
270,CH-4P3TTH
271,CH-XS8U39
272,CH-N4LUID
273,CH-T0BTV3
274,CH-AIFNZI
275,CH-WJT0ZY
276,CH-LIKZXS
277,CH-VVTSRZ
278,CH-B04FBF
279,CH-YNFE2T
280,CH-BXDMFM
281,CH-CQTLYZ
282,CH-FGMJ8J
283,CH-MK30GH
284,CH-OVIHBT
285,CH-FZMIWW
286,CH-V8GJM4
287,CH-8DFKLE
288,CH-M27DXJ
289,CH-3M4BOC
290,CH-MXQWW6
291,CH-NJ4PQP
292,CH-059UTL
293,CH-21426O
294,CH-D1X2KH
295,CH-AVO0FO
296,CH-FE4I5Z
297,CH-DC1QCH
298,CH-4KKM3B
299,CH-MJIIH3
300,CH-9YHNO9
301,CH-66EX0Z
302,CH-EX91F8
303,CH-C1P7Z9
304,CH-RBPTQ0
305,CH-8PY2MC
306,CH-66J2BW
307,CH-RR9U7K
308,CH-YI41J4
309,CH-EQ2IB5
310,CH-SMAPAI
311,CH-SAQONG
312,CH-03H83Z
313,CH-4C53CP
314,CH-VQRBXN
315,CH-R064GA
316,CH-ANEAOL
317,CH-QNRJGM
318,CH-FTUA2G
319,CH-86XE53
320,CH-PCJAJH
321,CH-PI5NYA
322,CH-CZSSR1
323,CH-HAP30A
324,CH-TWHK3T
325,CH-JNQNYQ
326,CH-2TJNBK
327,CH-BTGVL4
328,CH-R8M5EQ
329,CH-FIY3PB
330,CH-LRA3V6
331,CH-2VXABC
332,CH-T4NNFE
333,CH-289R2P
334,CH-8U7AKX
335,CH-KH9GA7
336,CH-ANEG2Y
337,CH-K5WXKA
338,CH-5EDR3K
339,CH-7NQ290
340,CH-MBT11N
341,CH-8M4CCS
342,CH-9V9JP1
343,CH-IHZKC7
344,CH-3Z21WG
345,CH-25KU8K
346,CH-ZR65VX
347,CH-0D3BST
348,CH-XJHWGY
349,CH-NIHWLW
350,CH-ZFOPOC
351,CH-NM5FI9
352,CH-SSJH9R
353,CH-OQII6X
354,CH-W5U0CT
355,CH-42Z7AA
356,CH-YLE6LL
357,CH-IDLUCR
358,CH-5JEXAN
359,CH-NOWWFE
360,CH-K1311J
361,CH-TDQU6Y
362,CH-RTQLG7
363,CH-GDYJBW
364,CH-O8XQLT
365,CH-O8A7CX
366,CH-FVIDKE
367,CH-8OI1HC
368,CH-TP4REO
369,CH-JI89ZN
370,CH-S27BWZ
371,CH-Q1NARL
372,CH-4JJLIH
373,CH-XYKFOC
374,CH-56WVFB
375,CH-FGC14U
376,CH-28C8SD
377,CH-EXPUXM
378,CH-TH1E3I
379,CH-UI1LT0
380,CH-PNU8IZ
381,CH-2UHRQD
382,CH-ID0LLW
383,CH-STUZOP
384,CH-X8W93H
385,CH-IZFBKC
386,CH-9QWUNL
387,CH-F5UJOK
388,CH-APQVQ8
389,CH-NQ51F0
390,CH-1BF9RK
391,CH-YQ9XPX
392,CH-ATVP35
393,CH-P7Q99F
394,CH-HGCOP1
395,CH-CSMMNR
396,CH-PHP2CU
397,CH-V3WVRU
398,CH-A86J07
399,CH-6HCGM5
400,CH-13NCBR
401,CH-ZLE90E
402,CH-S4ET0Z
403,CH-VE8BSY
404,CH-HK1E4V
405,CH-4MA530
406,CH-ANRT84
407,CH-UYC8EQ
408,CH-Q8Q7DJ
409,CH-0V993R
410,CH-0U6XBP
411,CH-LUV6PW
412,CH-UGWTEH
413,CH-U3QJVJ
414,CH-6ZDAGP
415,CH-VGX9YA
416,CH-2C1X0N
417,CH-5TI4AG
418,CH-0TK61K
419,CH-C1QRXL
420,CH-H4742B
421,CH-YCDW4X
422,CH-PFVPOI
423,CH-0QO2LH
424,CH-IIOQLM
425,CH-JRI6UO
426,CH-MYX94C
427,CH-I96FL8
428,CH-6KX9MB
429,CH-T45Q6Q
430,CH-7Q19FO
431,CH-AZXGQ7
432,CH-TF1PZP
433,CH-VHYKEB
434,CH-W0MIGV
435,CH-SCMN98
436,CH-71MFD8
437,CH-6ILG9W
438,CH-N67YYK
439,CH-S7UAHO
440,CH-99J451
441,CH-GS3FUM
442,CH-ZIX9KY
443,CH-5YY1ZS
444,CH-9IH71Z
445,CH-IMUTGE
446,CH-KB91KP
447,CH-FSZLRX
448,CH-1FLPLX
449,CH-575LKT
450,CH-YDB3B5
451,CH-W12LYG
452,CH-OKMGH1
453,CH-46C9LF
454,CH-K9X4PR
455,CH-POPW61
456,CH-TVZ8EL
457,CH-L937OH
458,CH-53DK6F
459,CH-7E56H1
460,CH-2JQ5SH
461,CH-0LBXT3
462,CH-LXEIR7
463,CH-PI4GM5
464,CH-HEXLYT
465,CH-AHLTPK
466,CH-AQCT8B
467,CH-IJIGO4
468,CH-8WVANV
469,CH-CTFUSY
470,CH-5SSA8L
471,CH-QOGWJ0
472,CH-U5LROA
473,CH-5OZ7WA
474,CH-PPYOS6
475,CH-5NOX67
476,CH-C1QN1W
477,CH-WSN2OT
478,CH-6R1TIN
479,CH-C9MYXY
480,CH-HNHMC4
481,CH-JD8EJQ
482,CH-7NNZPO
483,CH-ACGUPL
484,CH-4RFIMI
485,CH-TJ5UXF
486,CH-CKLFMA
487,CH-QDLYMU
488,CH-1J4N83
489,CH-PEKZAE
490,CH-4VAI9F
491,CH-CIES1Z
492,CH-LCSSKQ
493,CH-U0BZJ9
494,CH-M06BRY
495,CH-HR09RX
496,CH-EHYBUE
497,CH-RQKDXT
498,CH-A2374G
499,CH-UFJ0R0
500,CH-OCE7EP
